INSERT INTO USERS (user_id, flag_code, ship_code, client_code, client_type, email, status) VALUES ('63ce5ef3-f976-446a-ac87-7df82940092c',NULL,NULL,NULL,NULL,'idstestuser13@lr.org',1);
INSERT INTO USER_ROLES (ROLE_ID, USER_ID) VALUES (107, '63ce5ef3-f976-446a-ac87-7df82940092c');

INSERT INTO USERS (user_id, flag_code, ship_code, client_code, client_type, email, status) VALUES ('b597f7ce-6a09-4eaf-b387-54a36d91063f',NULL,NULL,NULL,NULL,'idstestuser14@lr.org',1);
INSERT INTO USER_ROLES (ROLE_ID, USER_ID) VALUES (108, 'b597f7ce-6a09-4eaf-b387-54a36d91063f');

INSERT INTO USERS (user_id, flag_code, ship_code, client_code, client_type, email, status) VALUES ('833c0fb6-ccd3-4b78-bcd9-5e688412ef06',NULL,NULL,'100100','REGISTERED_OWNER', 'client@client.org',1);
INSERT INTO USER_ROLES (ROLE_ID, USER_ID) VALUES (106, '833c0fb6-ccd3-4b78-bcd9-5e688412ef06');

INSERT INTO USERS (user_id, flag_code, ship_code, client_code, email, status) VALUES ('fb69e49c-61ba-4332-99b7-d9913aac5d12','ALA',NULL,NULL,'flag@flaguser.com',1);
INSERT INTO USER_ROLES (ROLE_ID, USER_ID) VALUES (104, 'fb69e49c-61ba-4332-99b7-d9913aac5d12');

INSERT INTO USERS (user_id, flag_code, ship_code, client_code, email, status) VALUES ('c0615f39-227c-4406-b2ad-367f0da6461c',NULL,'100101',NULL,'ship@shipbuilder.com',1);
INSERT INTO USER_ROLES (ROLE_ID, USER_ID) VALUES (103, 'c0615f39-227c-4406-b2ad-367f0da6461c');

INSERT INTO USERS (user_id, flag_code, ship_code, client_code, client_type, email, status, acc_expiry_date) VALUES ('e9999d2e-c043-4189-b6b2-6e3d907a5bdd',NULL,NULL,'100100', 'REGISTERED_OWNER', 'user@client.com',1,'2016-12-06');
INSERT INTO USER_ROLES (ROLE_ID, USER_ID) VALUES (101, 'e9999d2e-c043-4189-b6b2-6e3d907a5bdd');

INSERT INTO USERS (user_id, flag_code, ship_code, client_code, email, status) VALUES ('37be2b5b-63ee-4535-bca4-202d556d626e',NULL,NULL,NULL,'alice.classdirect@gmail.com',1);
INSERT INTO USER_ROLES (ROLE_ID, USER_ID) VALUES (107, '37be2b5b-63ee-4535-bca4-202d556d626e');

INSERT INTO USERS (user_id, flag_code, ship_code, client_code, email, status) VALUES ('1b1e62ba-2923-46e0-90c2-23524904ce70',NULL,NULL,NULL,'bob.classdirect@gmail.com',1);
INSERT INTO USER_ROLES (ROLE_ID, USER_ID) VALUES (106, '1b1e62ba-2923-46e0-90c2-23524904ce70');

INSERT INTO USERS (user_id, flag_code, ship_code, client_code, email, status) VALUES ('c345d4b1-2dd4-4962-83ef-f4510a6fdb7c','ALA',NULL,NULL,'charlie.classdirect@gmail.com',1);
INSERT INTO USER_ROLES (ROLE_ID, USER_ID) VALUES (104, 'c345d4b1-2dd4-4962-83ef-f4510a6fdb7c');

INSERT INTO USERS (user_id, flag_code, ship_code, client_code, email, status) VALUES ('687c8a1f-53bf-4b02-aec1-36d6f0263bf2',NULL,'100101',NULL,'david.classdirect@gmail.com',1);
INSERT INTO USER_ROLES (ROLE_ID, USER_ID) VALUES (103, '687c8a1f-53bf-4b02-aec1-36d6f0263bf2');

INSERT INTO USERS (user_id, flag_code, ship_code, client_code, client_type, email,status) VALUES ('376ab4e0-7530-410e-aa5c-d7cedaa520de',NULL,NULL,'100100', 'REGISTERED_OWNER','oscar.classdirect@gmail.com',1);
INSERT INTO USER_ROLES (ROLE_ID, USER_ID) VALUES (101, '376ab4e0-7530-410e-aa5c-d7cedaa520de');

INSERT INTO USERS (user_id, flag_code, ship_code, client_code, client_type, email, status) VALUES ('c37cd22b-1ad8-42bd-96f1-8147b9a91a90',NULL,NULL,1000191,'DOC_COMPANY','abc.classdirect@gmail.com',1);
INSERT INTO USER_ROLES (ROLE_ID, USER_ID) VALUES (101, 'c37cd22b-1ad8-42bd-96f1-8147b9a91a90');

INSERT INTO NOTIFICATIONS (ID, USER_ID, TYPE_ID) VALUES (1, 'c0615f39-227c-4406-b2ad-367f0da6461c', 2);
INSERT INTO NOTIFICATIONS (ID, USER_ID, TYPE_ID) VALUES (2, 'e9999d2e-c043-4189-b6b2-6e3d907a5bdd', 2);
INSERT INTO NOTIFICATIONS (ID, USER_ID, TYPE_ID) VALUES (3, '376ab4e0-7530-410e-aa5c-d7cedaa520de', 1);
INSERT INTO NOTIFICATIONS (ID, USER_ID, TYPE_ID) VALUES (4, '376ab4e0-7530-410e-aa5c-d7cedaa520de', 2);
INSERT INTO NOTIFICATIONS (ID, USER_ID, TYPE_ID) VALUES (5, '376ab4e0-7530-410e-aa5c-d7cedaa520de', 3);

INSERT INTO USER_TERMS_CONDITIONS (ID, USER_ID, TC_ID, ACCEPTED_DATE) VALUES (1, 'c0615f39-227c-4406-b2ad-367f0da6461c', 1, '2016-12-28');

INSERT INTO FLAGS_ASSOCIATIONS (FLAG_CODE, SECONDARY_FLAG_CODE) VALUES ("DEN", "DIS");
INSERT INTO FLAGS_ASSOCIATIONS (FLAG_CODE, SECONDARY_FLAG_CODE) VALUES ("FRA", "FAT");
INSERT INTO FLAGS_ASSOCIATIONS (FLAG_CODE, SECONDARY_FLAG_CODE) VALUES ("FRA", "FIS");
INSERT INTO FLAGS_ASSOCIATIONS (FLAG_CODE, SECONDARY_FLAG_CODE) VALUES ("NOR", "NIS");
INSERT INTO FLAGS_ASSOCIATIONS (FLAG_CODE, SECONDARY_FLAG_CODE) VALUES ("PTG", "PMD");
INSERT INTO FLAGS_ASSOCIATIONS (FLAG_CODE, SECONDARY_FLAG_CODE) VALUES ("SPN", "CSR");

INSERT INTO LR_EMAIL_DOMAINS (DOMAIN) VALUES ("senergyworld.com");
INSERT INTO LR_EMAIL_DOMAINS (DOMAIN) VALUES ("businessassurance.com");
INSERT INTO LR_EMAIL_DOMAINS (DOMAIN) VALUES ("lrqa.pl");
INSERT INTO LR_EMAIL_DOMAINS (DOMAIN) VALUES ("lr-senergy.com");
INSERT INTO LR_EMAIL_DOMAINS (DOMAIN) VALUES ("lrqa.co.za");
INSERT INTO LR_EMAIL_DOMAINS (DOMAIN) VALUES ("hullintegrity.lr.org");
INSERT INTO LR_EMAIL_DOMAINS (DOMAIN) VALUES ("moduspec.info");
INSERT INTO LR_EMAIL_DOMAINS (DOMAIN) VALUES ("lrqa.ge");
INSERT INTO LR_EMAIL_DOMAINS (DOMAIN) VALUES ("senergyltd.com");
INSERT INTO LR_EMAIL_DOMAINS (DOMAIN) VALUES ("lrfoundation.org.uk");
INSERT INTO LR_EMAIL_DOMAINS (DOMAIN) VALUES ("humaneng.co.uk");
INSERT INTO LR_EMAIL_DOMAINS (DOMAIN) VALUES ("cedeo.nl");
INSERT INTO LR_EMAIL_DOMAINS (DOMAIN) VALUES ("lrqa-brand-identity.com");
INSERT INTO LR_EMAIL_DOMAINS (DOMAIN) VALUES ("lloyds-register.nl");
INSERT INTO LR_EMAIL_DOMAINS (DOMAIN) VALUES ("certiked.nl");
INSERT INTO LR_EMAIL_DOMAINS (DOMAIN) VALUES ("lrgroup.org");
INSERT INTO LR_EMAIL_DOMAINS (DOMAIN) VALUES ("certiked-vbi.nl");
INSERT INTO LR_EMAIL_DOMAINS (DOMAIN) VALUES ("lrqa.com.tr");
INSERT INTO LR_EMAIL_DOMAINS (DOMAIN) VALUES ("lloydsregister.de");
INSERT INTO LR_EMAIL_DOMAINS (DOMAIN) VALUES ("lrintegrity.com");
INSERT INTO LR_EMAIL_DOMAINS (DOMAIN) VALUES ("lrrail.com");
INSERT INTO LR_EMAIL_DOMAINS (DOMAIN) VALUES ("lrqa.com.au");
INSERT INTO LR_EMAIL_DOMAINS (DOMAIN) VALUES ("lrqausa.com");
INSERT INTO LR_EMAIL_DOMAINS (DOMAIN) VALUES ("stoomwezen.nl");
INSERT INTO LR_EMAIL_DOMAINS (DOMAIN) VALUES ("moduspec.net");
INSERT INTO LR_EMAIL_DOMAINS (DOMAIN) VALUES ("cpion.nl");
INSERT INTO LR_EMAIL_DOMAINS (DOMAIN) VALUES ("lr-ods.com");
INSERT INTO LR_EMAIL_DOMAINS (DOMAIN) VALUES ("lrqa.be");
INSERT INTO LR_EMAIL_DOMAINS (DOMAIN) VALUES ("lrqa.co.uk");
INSERT INTO LR_EMAIL_DOMAINS (DOMAIN) VALUES ("lrqa.de");
INSERT INTO LR_EMAIL_DOMAINS (DOMAIN) VALUES ("gmtlab.com");
INSERT INTO LR_EMAIL_DOMAINS (DOMAIN) VALUES ("lrqa.nl");
INSERT INTO LR_EMAIL_DOMAINS (DOMAIN) VALUES ("cedeo.be");
INSERT INTO LR_EMAIL_DOMAINS (DOMAIN) VALUES ("lrqa.org");
INSERT INTO LR_EMAIL_DOMAINS (DOMAIN) VALUES ("sphbo.nl");
INSERT INTO LR_EMAIL_DOMAINS (DOMAIN) VALUES ("lrqa.com");
INSERT INTO LR_EMAIL_DOMAINS (DOMAIN) VALUES ("lr.org");
INSERT INTO LR_EMAIL_DOMAINS (DOMAIN) VALUES ("sgceng.com");
INSERT INTO LR_EMAIL_DOMAINS (DOMAIN) VALUES ("lloydsregistergroup.mail.onmicrosoft.com");
INSERT INTO LR_EMAIL_DOMAINS (DOMAIN) VALUES ("lrqa.it");
INSERT INTO LR_EMAIL_DOMAINS (DOMAIN) VALUES ("lloydsregistergroup.onmicrosoft.com");
INSERT INTO LR_EMAIL_DOMAINS (DOMAIN) VALUES ("IHSMarkit.com");

COMMIT;
