INSERT INTO USER_ACCOUNT_STATUS (ID, NAME) VALUES (1, 'Active');
INSERT INTO USER_ACCOUNT_STATUS (ID, NAME) VALUES (2, 'Disabled');
INSERT INTO USER_ACCOUNT_STATUS (ID, NAME) VALUES (3, 'Archived');

INSERT INTO TERMS_CONDITIONS (ID, TC_DESCRIPTION, TC_DATE, TC_VERSION, TC_AUTHOR) VALUES (1, 'TermsandConditionsVersions', '2016-12-23', 1, 'Lloyds Register');
INSERT INTO TERMS_CONDITIONS (ID, TC_DESCRIPTION, TC_DATE, TC_VERSION, TC_AUTHOR) VALUES (2, 'TermsandConditionsVersions', '2016-12-26', 2, 'Lloyds Register');
INSERT INTO TERMS_CONDITIONS (ID, TC_DESCRIPTION, TC_DATE, TC_VERSION, TC_AUTHOR) VALUES (3, X'3C68313E436F6E7472616374207465726D733C2F68313E0A0A312E205468697320436F6E7472616374206973206265747765656E2074686520436C69656E742028746865207265676973746572656420736869706F776E6572206F6E20626568616C66206F662077686F6D20746865204170706C6963616E7420697320616374696E672920616E6420746865204C6C6F79642773205265676973746572204F7065726174696E6720456E7469747920284C5229207768696368206D61696E7461696E73206F66666963657320696E2074686520636F756E747279206F7220726567696F6E20696E20776869636820746865204170706C6963616E74202874686520436C69656E74277320726570726573656E74617469766529206973206261736564206174207468652074696D65207468617420746865204170706C6963616E7420656E7465727320696E746F207468697320436F6E74726163742E20204C6C6F79642773205265676973746572204F7065726174696E6720456E74697469657320283C6120687265663D222220636C6173733D2263642D616E63686F722D7461672220646174612D7363726F6C6C2D746F3D226C726F65223E4C524F453C2F613E2920746861742061726520616666696C696174657320616E6420737562736964696172696573206F66204C6C6F796427732052656769737465722047726F7570204C696D6974656420696E636C7564653A204C6C6F7964277320526567697374657220454D45412C204C6C6F79642773205265676973746572204173696120616E64204C6C6F79642773205265676973746572204E6F72746820416D657269636120496E632E20616E64206F7468657273206C69737465642063616E20626520616363657373656420627920636C69636B696E67206F6E2074686520274C524F45272068797065726C696E6B7320696E2074686520746578742E0A0A322E20496E207468657365207465726D7320616E6420636F6E646974696F6E733A0A2020202069292022536572766963657322206D65616E7320616E7920616E6420616C6C20737572766579732C20636C617373696669636174696F6E2C2063657274696669636174696F6E20616E64207265706F7274696E672073657276696365732070726F766964656420617420616E792074696D6520746F2074686520436C69656E74206279204C520A20202020696929207468652022436F6E747261637422206D65616E7320746869732061677265656D656E7420666F7220737570706C79206F66207468652053657276696365733B0A20202020696969292074686520224C522047726F757022206D65616E73203C6120687265663D222220636C6173733D2263642D616E63686F722D7461672220646174612D7363726F6C6C2D746F3D226C726F65223E4C524F453C2F613E2C20696E636C7564696E67204C522C2069747320616666696C696174657320616E64207375627369646961726965732C20616E6420746865206F666669636572732C206469726563746F72732C20656D706C6F796565732C20726570726573656E7461746976657320616E64206167656E7473206F6620616E79206F66207468656D2C20696E646976696475616C6C79206F7220636F6C6C6563746976656C793B2020224665657322206D65616E7320616C6C206665657320616E64206368617267657320696E766F6963656420746F2074686520436C69656E7420627920616E79204C522047726F757020656E7469747920207075727375616E7420746F20746865207465726D73206F66207468697320436F6E74726163743B20616E640A2020202069762920436F6D6D6974746565206D65616E7320746865204C522047726F757020436C617373696669636174696F6E20436F6D6D69747465652E0A0A332E2054686520436C69656E742061677265657320746F2070617920616C6C204665657320666F72207468652053657276696365732077697468696E2033302064617973206F662074686520696E766F69636520646174652028746865206475652064617465292E2049662074686520436C69656E7420646973707574657320616E20696E766F6963652C206F722070617274206F6620616E20696E766F6963652C2074686520436C69656E74206D75737420696D6D6564696174656C79206E6F74696679204C5220696E2077726974696E672E204966206E6F206E6F74696669636174696F6E206973207265636569766564206279207468652064756520646174652C2074686520436C69656E742077696C6C206265206465656D656420746F20686176652061636365707465642074686520696E766F69636520696E2066756C6C2E205768657265206F6E6C792070617274206F6620616E20696E766F6963652069732064697370757465642C2074686520756E646973707574656420616D6F756E74206D7573742062652070616964206279207468652064756520646174652E204C522072657365727665732074686520726967687420746F20726169736520696E746572696D20696E766F6963657320666F722053657276696365732070726F76696465642C2063616C63756C61746564206F6E20612070726F20726174612062617369732E204C522072657365727665732074686520726967687420746F2063686172676520696E746572657374206163637275696E67206F6E2061206461696C7920626173697320617420616E20616E6E75616C2072617465206F662032252061626F7665207468652067726561746572206F6620746865204C6F6E646F6E20496E74657262616E6B204F6666657265642042617365205261746520284C49424F522920286F7220746865206571756976616C656E7420696E2074686520636F756E7472792077686572652074686520436C69656E74206D61696E7461696E7320697473207072696E636970616C206F666669636529206F6E20616E7920616D6F756E742072656D61696E696E6720756E70616964206265796F6E64207468652064756520646174652C20616E64206D61792077697468686F6C6420616E79206F7220616C6C20536572766963657320756E74696C2074686520617272656172732C20696E636C7564696E6720696E7465726573742C20617265207061696420696E2066756C6C2E204C52206D61792061742069747320736F6C652064697363726574696F6E20617420616E792074696D6520616C6C6F63617465207061796D656E742072656365697665642066726F6D2074686520436C69656E7420746F2073617469736679206F74686572206561726C69657220696E766F6963657320746861742072656D61696E20756E706169642062792074686520436C69656E742E204665657320646F206E6F7420696E636C75646520616E79207461782C20696E636C7564696E6720627574206E6F74206C696D6974656420746F2056616C7565204164646564205461782C20476F6F647320616E64205365727669636573205461782C2077697468686F6C64696E672074617865732C207475726E6F7665722074617865732C2073757263686172676573206F7220647574696573206173207265717569726564206279206C61772C20616E642069662072657175697265642C20616E79207375636820746178206F7220647574792069732063686172676561626C6520746F2074686520436C69656E7420616E642070617961626C652062792074686520436C69656E7420696E206164646974696F6E20746F207468652061626F7665207265666572656E63656420466565732E2054686520436C69656E74207368616C6C20706179207468652066756C6C204665657320617320696E766F6963656420697272657370656374697665206F6620776865746865722074686520436C69656E74206973207265717569726564206279206C617720746F2077697468686F6C6420616E79207461786573206F72206475746965732066726F6D2074686520696E766F6963656420616D6F756E742E0A0A342E204C522072657365727665732074686520726967687420746F2063686172676520666F7220616E7920776F726B2074686174206973206164646974696F6E616C20746F2074686174206F726967696E616C6C792071756F7465642E0A0A352E204C522077696C6C206B65657020636F6E666964656E7469616C20616E64206E6F7420757365206F7220646973636C6F736520746F20616E79207468697264207061727479206F75747369646520746865204C522047726F757020616E7920646174612C20706C616E206F72206F74686572207772697474656E20746563686E6963616C20696E666F726D6174696F6E202874686520496E666F726D6174696F6E29207265636569766564202066726F6D2074686520436C69656E742020657863657074206173206D6179206265207265717569726564206279206C6177206F72206173206D617920626520617574686F72697365642062792074686520436C69656E742C206F72206173207265666572656E6365642062656C6F772E2054686973206F626C69676174696F6E2077696C6C206E6F74206170706C7920746F20616E7920496E666F726D6174696F6E20746861743A0A2020202069292077617320696E20746865204C522047726F7570277320706F7373657373696F6E206265666F72652069747320646973636C6F73757265206279206F72206F6E20626568616C66206F662074686520436C69656E7420746F20746865204C522047726F75703B206F722C0A202020206969292020697320646973636C6F73656420746F2061207468697264207061727479207468726F756768206E6F206661756C74206F6620746865204C522047726F75703B206F722C0A202020206969692920206F7468657277697365206265636F6D657320617661696C61626C6520746F20746865204C522047726F75702066726F6D20616E20696E646570656E64656E7420736F75726365206E6F7420756E646572206120636F6E666964656E7469616C697479206F626C69676174696F6E20746F2074686520436C69656E743B206F722C0A2020202069762920697320706F73746564206F6E20746865204C522047726F757020E28098436C61737320446972656374E280992077656273697465206F72204170703B206F722C0A2020202076292069732070726F766964656420746F20616E204C5220636F6E74726163746F72206F7220737570706C69657220756E64657220636F6E666964656E7469616C697479207465726D7320616E6420636F6E74726F6C733B206F722C0A20202020766929204C522069732072657175657374656420746F2070726F766964652074686520496E666F726D6174696F6E20746F3A0A2020202020202020286129206120466C616720537461746520617574686F726974792028696E636C7564696E672074686520455520436F6D6D697373696F6E20726570726573656E74617469766573293B206F722C0A202020202020202028622920616E6F746865722049414353206D656D62657220287075727375616E7420746F207468652049414353206561726C79207761726E696E672072756C6573293B206F722C0A202020202020202028632920612073756273657175656E74206F776E6572206F66207468652076657373656C20746F2068656C70206578706C61696E20616E79204C522047726F757020736166657479207265636F6D6D656E646174696F6E20746F20746861742073756273657175656E74206F776E65722E2054686973206F626C69676174696F6E2077696C6C2073757276697665207465726D696E6174696F6E206F662074686520436F6E74726163742E0A0A362E204E6F74776974687374616E64696E67207468652067656E6572616C2064757479206F6620636F6E666964656E7469616C697479206F776564206279204C522C204C522077696C6C20706172746963697061746520696E207468652049414353204561726C79205761726E696E672053797374656D207768696368207265717569726573204C5220746F2070726F76696465206974732066656C6C6F772049414353206D656D6265727320776974682072656C6576616E7420746563686E6963616C20696E666F726D6174696F6E206F6E20736572696F75732068756C6C207374727563747572616C20616E6420656E67696E656572696E672073797374656D206661696C757265732C20617320646566696E656420696E207468652049414353204561726C79205761726E696E672053797374656D2028627574206E6F7420696E636C7564696E6720616E792064726177696E67732072656C6174696E6720746F207468652073686970207768696368206D6179206265207468652073706563696669632070726F7065727479206F6620616E6F74686572207061727479292C20746F20656E61626C6520737563682075736566756C20696E666F726D6174696F6E20746F2062652073686172656420616E64207574696C6973656420746F20666163696C6974617465207468652070726F70657220776F726B696E67206F66207468652049414353204561726C79205761726E696E672053797374656D2E204C522077696C6C2070726F766964652074686520436C69656E742077697468207772697474656E2064657461696C73206F66207375636820696E666F726D6174696F6E2075706F6E2073656E64696E67207468652073616D6520746F2049414353204D656D626572732E0A0A372E20496E666F726D6174696F6E206F627461696E6564206279204C522066726F6D2074686520436C69656E74206D6179206265207573656420627920746865204C522047726F7570206F722069747320636F6E74726163746F727320666F7220726573656172636820707572706F73657320746F2068656C7020756E6465727374616E64207269736B207472656E6473206F7220746F2068656C7020656E68616E6365207361666574792E2053756368207265736561726368206D6179206265207075626C697368656420627920746865204C522047726F757020696E206120666F726D207468617420646F6573206E6F7420616C6C6F77206964656E74696669636174696F6E206F6620616E7920696E646976696475616C2076657373656C2C20696E7374616C6C6174696F6E206F722070726F647563742E0A0A382E205468697320436F6E747261637420636F6E74696E75657320696E20666F72636520756E74696C20636C6173732069732073757370656E646564206F722077697468647261776E206F722074686520636F6E7472616374206973206F7468657277697365207465726D696E61746564206279204C52206F722074686520436C69656E742C20616674657220676976696E6720746865206F74686572207061727479203330206461797327207772697474656E206E6F746963652E0A0A392E2049662074686520436F6E7472616374206973207465726D696E61746564206279204C52206F722074686520436C69656E74206265666F72652074686520536572766963657320756E6465722074686520436F6E74726163742061726520636F6D706C657465642C204C52277320666565732077696C6C2062652063616C63756C61746564206F6E20612070726F207261746120626173697320757020746F207468652064617465206F66207465726D696E6174696F6E2E20416E7920726561736F6E61626C6520636F737473206469726563746C79206174747269627574656420746F206561726C79207465726D696E6174696F6E20616E6420616E7920616D6F756E7473207468656E2064756520746F204C522077696C6C20696D6D6564696174656C79206265636F6D652070617961626C652E0A0A31302E204C52277320536572766963657320646F206E6F742061737365737320636F6D706C69616E6365207769746820616E79207374616E64617264206F74686572207468616E20746865206170706C696361626C6520636C617373696669636174696F6E2072756C657320616E6420696E7465726E6174696F6E616C20636F6E76656E74696F6E7320616E64206F74686572206170706C696361626C65207374617475746F727920726571756972656D656E74732E20576974686F7574206C696D6974696E67207468652067656E6572616C697479206F662074686520666F7265676F696E672C207468652069737375616E6365206F66206120636C61737320636572746966696361746520646F6573206E6F7420696E20697473656C6620636F6E7374697475746520612067756172616E7465652074686174207468652076657373656C20697320736561776F7274687920616E6420646F6573206E6F742072656C696576652074686520436C69656E74206F6620697473206E6F6E2D64656C656761626C65206475747920746F206D61696E7461696E207468652076657373656C20696E206120736561776F7274687920636F6E646974696F6E2E0A0A31312E2049662074686520436C69656E74207265717569726573204C5220636C617373696669636174696F6E2053657276696365732072656C6174696E6720746F2076657373656C732C206D616368696E6572792C206F722065717569706D656E7420696E2061206A7572697364696374696F6E20696E207768696368204C5220697473656C6620646F6573206E6F7420646F20627573696E6573732074686520436C69656E74206865726562792061636B6E6F776C656467657320616E642061677265657320746861742074686573652053657276696365732077696C6C20626520706572666F726D656420627920612073756273696469617279206F7220616666696C69617465206F66204C5220746861742069732070617274206F6620746865204C522047726F757020616E64207468617420697320617574686F726973656420746F20636F6E6475637420636C617373696669636174696F6E207375727665797320616E6420697373756520636572746966696361746573206F6E207468652076657373656C2C206D616368696E6572792C206F722065717569706D656E742E0A0A0A31322E20496E2070726F766964696E672053657276696365732C20696E666F726D6174696F6E2C206F72206164766963652C20746865204C522047726F757020646F6573206E6F742077617272616E7420746865206163637572616379206F6620616E7920696E666F726D6174696F6E206F722061647669636520737570706C6965642E2045786365707420617320736574206F757420696E207468657365207465726D7320616E6420636F6E646974696F6E732C20746865204C522047726F75702077696C6C206E6F74206265206C6961626C6520666F7220616E79206C6F73732C2064616D6167652C206F7220657870656E7365207375737461696E656420627920616E7920706572736F6E20616E642063617573656420627920616E79206163742C206F6D697373696F6E2C206572726F722C206E65676C6967656E63652C206F7220737472696374206C696162696C697479206F6620616E79206F6620746865204C522047726F7570206F722063617573656420627920616E7920696E616363757261637920696E20616E7920696E666F726D6174696F6E206F722061647669636520676976656E20696E20616E7920776179206279206F72206F6E20626568616C66206F6620746865204C522047726F7570206576656E2069662068656C6420746F20616D6F756E7420746F206120627265616368206F662077617272616E74792E204E657665727468656C6573732C2069662074686520436C69656E74207573657320746865205365727669636573206F722072656C696573206F6E20616E7920696E666F726D6174696F6E206F722061647669636520676976656E206279206F72206F6E20626568616C66206F6620746865204C522047726F757020616E64206173206120726573756C742073756666657273206C6F73732C2064616D6167652C206F7220657870656E736520746861742069732070726F76656420746F2068617665206265656E2063617573656420627920616E79206E65676C6967656E74206163742C206F6D697373696F6E2C206F72206572726F72206F6620746865204C522047726F7570206F7220616E79206E65676C6967656E7420696E616363757261637920696E20696E666F726D6174696F6E206F722061647669636520676976656E206279206F72206F6E20626568616C66206F6620746865204C522047726F75702C207468656E204C522077696C6C2070617920636F6D70656E736174696F6E20746F2074686520436C69656E7420666F72206974732070726F766564206C6F737320757020746F20627574206E6F7420657863656564696E672074686520616D6F756E74206F6620746865206665652028696620616E79292063686172676564206279204C5220666F72207468617420706172746963756C617220736572766963652C20696E666F726D6174696F6E2C206F72206164766963652E0A0A31332E204E6F74776974687374616E64696E67207468652070726576696F757320636C617573652C20746865204C522047726F75702077696C6C206E6F74206265206C6961626C6520666F7220616E79206C6F7373206F662070726F6669742C206C6F7373206F6620636F6E74726163742C206C6F7373206F66207573652C206F7220616E7920696E646972656374206F7220636F6E73657175656E7469616C206C6F73732C2064616D6167652C206F7220657870656E7365207375737461696E656420627920616E7920706572736F6E2063617573656420627920616E79206163742C206F6D697373696F6E2C206F72206572726F72206F722063617573656420627920616E7920696E616363757261637920696E20616E7920696E666F726D6174696F6E206F722061647669636520676976656E20696E20616E7920776179206279206F72206F6E20626568616C66206F6620746865204C522047726F75702E0A0A31342E2054686520436C69656E74207368616C6C20696E64656D6E69667920616E6420686F6C64206861726D6C65737320616C6C206D656D62657273206F6620746865204C522047726F75702066726F6D20616C6C20636C61696D732C20636F7374732C2070726F63656564696E67732C2064616D6167657320616E6420657870656E7365732028696E636C7564696E67206C6567616C20616E64206F746865722070726F66657373696F6E616C206665657320616E6420657870656E736573292C206D61646520616761696E73742C20696E637572726564206F72207061696420627920616E79206D656D626572206F6620746865204C522047726F7570206173206120726573756C74206F662C206F7220696E20636F6E6E656374696F6E20776974683A0A20202020692920616E79206272656163682062792074686520436C69656E74206F66207468697320436F6E74726163743B206F722C0A2020202069692920616E79206572726F72206F72206E65676C6967656E6365206F662074686520436C69656E742072656C6174656420746F207468697320436F6E74726163743B206F720A20202020696969292074686520436C69656E74E280997320627265616368206F66206F746865722074686972642070617274792072696768747320636F6E6E65637465642077697468207468697320436F6E74726163743B206F720A2020202069762920616E7920616C6C65676564206F722061637475616C20696E6672696E67656D656E742077686574686572206F72206E6F7420756E64657220456E676C697368206C61772C206F6620616E79207468697264207061727479E280997320496E74656C6C65637475616C2050726F7065727479205269676874732028696E636C7564696E6720636F70797269676874292E0A0A31352E204E6F204C522047726F757020656E746974792077696C6C206265206C6961626C65206F7220726573706F6E7369626C6520696E206E65676C6967656E6365206F72206F746865727769736520746F20616E7920706572736F6E206E6F74206120706172747920746F207468697320436F6E7472616374207075727375616E7420746F20776869636820616E792063657274696669636174652C2073746174656D656E742C20646174612C206F72207265706F72742069732069737375656420627920616E204C522047726F757020656E7469747920666F720A20202020692920616E7920696E666F726D6174696F6E206F722061647669636520657870726573736C79206F7220696D706C6965646C7920676976656E20627920616E204C522047726F757020656E746974792C0A2020202069692920616E79206F6D697373696F6E206F7220696E616363757261637920696E20616E7920696E666F726D6174696F6E206F722061647669636520676976656E2C206F720A202020206969692920616E7920616374206F72206F6D697373696F6E207468617420636175736564206F7220636F6E747269627574656420746F207468652069737375616E6365206F6620616E792063657274696669636174652C2073746174656D656E742C20646174612C206F72207265706F727420636F6E7461696E696E672074686520696E666F726D6174696F6E206F72206164766963652E0A0A31362E204E6F206F6D697373696F6E206F72206661696C75726520746F206361727279206F7574206F72206F62736572766520616E792073746970756C6174696F6E2C20636F6E646974696F6E206F72206F626C69676174696F6E20746F20626520706572666F726D656420756E6465722074686520436F6E74726163742077696C6C2067697665207269736520746F20616E7920636C61696D20616761696E7374204C52206F7220616E79206F74686572204C522047726F757020656E746974792C206F72206265206465656D656420746F206265206120627265616368206F6620636F6E74726163742C20696620746865206661696C757265206F72206F6D697373696F6E206172697365732066726F6D20636175736573206265796F6E64207468617420656E74697479277320726561736F6E61626C6520636F6E74726F6C2E0A0A31372E205468697320436F6E747261637420616E6420616E792064697370757465206F7220636C61696D206265747765656E20616E79206D656D626572206F6620746865204C522047726F757020616E642074686520436C69656E742061726973696E672066726F6D206F7220696E20636F6E6E656374696F6E20776974682069742C206F72207468652053657276696365732070726F76696465642C2077696C6C20626520676F7665726E656420627920456E676C697368206C61772E204578636570742061732070726F76696465642062656C6F772C204C5220616E642074686520436C69656E742069727265766F6361626C7920616772656520746861742074686520456E676C69736820636F757274732077696C6C2068617665206578636C7573697665206A7572697364696374696F6E206F76657220616E792064697370757465206F7220636C61696D2061726973696E672066726F6D206F7220696E20636F6E6E656374696F6E2077697468207468697320436F6E7472616374206F72207468652053657276696365732070726F76696465642E204E6F7468696E6720696E207468697320636C61757365206C696D69747320746865207269676874206F66204C5220746F2074616B65206465627420636F6C6C656374696F6E2070726F63656564696E677320616761696E73742074686520436C69656E7420696E20616E79206F7468657220636F757274206F6620636F6D706574656E74206A7572697364696374696F6E2E0A0A31382E204E6F206164646974696F6E2C20616C7465726174696F6E206F7220737562737469747574696F6E206F6620746865736520436F6E7472616374207465726D732077696C6C2062696E64204C52202C206F7220666F726D2070617274206F66207468697320436F6E747261637420756E6C65737320697420697320657870726573736C7920616363657074656420696E2077726974696E6720627920616E20617574686F7269736564204C5220726570726573656E7461746976652077686F20657870726573736C792073746174657320696E2077726974696E672074686174204C52206973206167726565696E6720746F20616C746572207468657365205465726D7320616E6420436F6E646974696F6E732E20496E20746865206576656E74206F6620616E7920636F6E666C696374206265747765656E20746865736520436F6E7472616374207465726D7320616E6420616E7920646F63756D656E7420707572706F7274696E6720746F20696D706F736520646966666572656E74207465726D732C20746865736520436F6E7472616374207465726D732077696C6C207072657661696C2E0A0A31392E2054686520436C69656E74206861732061206475747920746F2070726F766964652061207361666520706C616365206F6620776F726B20666F72204C522773207375727665796F72732E205468697320647574792072656C6174657320746F20706C61636573206F6620776F726B2077686963682061726520756E6465722074686520636F6E74726F6C206F662074686520436C69656E742077686963682063616E20696E636C7564652073686970732C207368697079617264732C206F666673686F726520706C6174666F726D732C20666163746F726965732C20666F756E64726965732C20726566696E657269657320616E64206F6666696365732E0A0A32302E20416E7920636C61737365642076657373656C2C206D616368696E657279206F722065717569706D656E74206D757374206265206F70657261746564206F6E6C7920696E2061206D616E6E657220636F6E73697374656E742077697468207468652070726F706F7365642064657369676E20637269746572696120616E6420616E79206C696D69747320616772656564206174207468652074696D65206F6620636C617373696669636174696F6E2E20496620616E792076657373656C206F722065717569706D656E74206F70657261746573206F757473696465207468657365206C696D6974732C2073756368206661637473206D757374206265207265706F7274656420746F204C5220776974686F75742064656C61792E0A0A32312E20416E792064616D6167652C206465666563742C20627265616B646F776E2C206F722067726F756E64696E67207468617420636F756C6420696E76616C69646174652074686520636F6E646974696F6E7320666F72207768696368206120636C61737320686173206265656E2061737369676E65642C206D757374206265207265706F7274656420746F204C5220776974686F75742064656C61792E0A0A32322E20416C6C207265706169727320746F2068756C6C2C2065717569706D656E7420616E64206D616368696E6572792074686174206D617920626520726571756972656420666F722061207368697020746F2072657461696E20636C6173732061726520746F2062652063617272696564206F757420746F2074686520736174697366616374696F6E206F66204C522E205768656E207265706169727320617265206566666563746564206174206120706F72742C207465726D696E616C2C206F72206C6F636174696F6E20776865726520746865207365727669636573206F6620616E204C52207375727665796F7220617265206E6F7420617661696C61626C652C2074686520726570616972732061726520746F206265207375727665796564206279206F6E65206F6620746865204C522047726F75702773207375727665796F727320617420746865206561726C69657374206F70706F7274756E69747920746865726561667465722E0A0A32332E20506C616E7320616E6420706172746963756C617273206F6620616E792070726F706F73656420616C7465726174696F6E7320746F2074686520617070726F766564207363616E746C696E677320616E6420617272616E67656D656E7473206F662068756C6C2C2065717569706D656E742C206F72206D616368696E6572792061726520746F206265207375626D697474656420746F204C5220666F7220617070726F76616C2C20616E642074686520616C7465726174696F6E732061726520746F2062652063617272696564206F757420746F2074686520736174697366616374696F6E206F6620746865204C522047726F75702773207375727665796F72732E0A0A32342E2049742069732074686520726573706F6E736962696C697479206F662074686520436C69656E7420746F20656E73757265207468617420616C6C2073757276657973206E656365737361727920666F7220746865206D61696E74656E616E6365206F6620636C617373206172652063617272696564206F7574206174207468652070726F7065722074696D6520616E6420696E206163636F7264616E63652077697468204C52277320696E737472756374696F6E732E0A0A32352E204C52206D617920676976652074696D656C79206E6F7469636520746F2074686520436C69656E742061626F757420666F727468636F6D696E6720737572766579732E20546865206F6D697373696F6E206F66206E6F746963652C20686F77657665722C20646F6573206E6F74206162736F6C76652074686520436C69656E742066726F6D20726573706F6E736962696C69747920746F20636F6D706C79207769746820726571756972656D656E747320666F72206D61696E74656E616E6365206F6620636C6173732E0A0A32362E205768656E2074686520526567756C6174696F6E7320776974682072656761726420746F2073757276657973206F6E207468652068756C6C2C2065717569706D656E742C206F72206D616368696E6572792068617665206E6F74206265656E20636F6D706C696564207769746820616E642074686520736869702069732074686572656279206E6F7420656E7469746C656420746F2072657461696E20636C6173732C2074686520636C617373206D61792062652073757370656E646564206F722077697468647261776E2E0A0A32372E205768656E207265706F72746564206465666563747320696E207468652068756C6C2C2065717569706D656E742C206F72206D616368696E6572792061726520666F756E6420616E642074686520436C69656E74206661696C7320746F20726570616972207468657365206465666563747320696E206163636F7264616E63652077697468204C52277320726571756972656D656E74732C2074686520636C617373206D61792062652073757370656E646564206F722077697468647261776E2E0A0A32382E204C5220696E206974732064697363726574696F6E206D61792077697468686F6C64205365727669636573206F722C20696620616C7265616479206772616E7465642C206D61792073757370656E64206F7220776974686472617720616E7920636C61737320286F722077697468686F6C6420616E79206365727469666963617465206F72207265706F727420696E20616E79206F74686572206361736529206966206120436C69656E74206661696C7320746F20636F6D706C7920776974682074686520636F6E646974696F6E732073657420666F72746820696E2050617261677261706873203139207468726F756768203237206F7220696E20746865206576656E74206F66206E6F6E2D7061796D656E74206F6620616E7920466565732E0A0A32392E2054686520436C69656E74206D6179206F627461696E2061636365737320746F2074686520636C617373696669636174696F6E207374617475732C2073757276657920686973746F72792C20636C617373696669636174696F6E2052756C657320616E64206F746865722072656C6576616E7420746563686E6963616C20696E666F726D6174696F6E207468726F75676820746865203C6120687265663D2268747470733A2F2F7777772E636C6173736469726563742E6C722E6F72672F22207461726765743D225F626C616E6B223E436C617373204469726563742077656270616765733C2F613E2E0A0A33302E20576865726520746865207368697020686173206265656E2064657461696E656420666F6C6C6F77696E67206120506F727420537461746520436F6E74726F6C20696E7370656374696F6E206F6E206F6E65206F72206D6F7265206F63636173696F6E732C206F72206265656E207375626A65637420746F20616E20756E7363686564756C656420737572766579207769746820736572696F757320646566696369656E6369657320666F756E642C207468656E2074686520636C6173732077696C6C206265206C6961626C6520746F2062652073757370656E646564206F722077697468647261776E2C206174207468652064697363726574696F6E206F662074686520436F6D6D69747465652E0A0A33312E2054686520706172746965732061677265652074686174207468697320436F6E747261637420636F6E73746974757465732074686520656E746972652061677265656D656E74206265747765656E207468656D2C20616E64207375706572736564657320616C6C2070726576696F7573206472616674732C2061677265656D656E74732C20617272616E67656D656E747320616E6420756E6465727374616E64696E6773206265747765656E207468656D2C2077686574686572206F72616C206F72207772697474656E2E0A0A3C68322069643D226C726F65223E4C524F453C2F68323E0A0A3C756C3E0A20203C6C693E4C6C6F796427732052656769737465722047726F7570204C696D69746564203C2F6C693E0A20203C6C693E4C6C6F7964277320526567697374657220454D4541203C2F6C693E0A20203C6C693E4C6C6F796427732052656769737465722041736961203C2F6C693E0A20203C6C693E4C6C6F796427732052656769737465722043616E616461204C7464203C2F6C693E0A20203C6C693E4C6C6F7964277320526567697374657220496E7465726E6174696F6E616C203C2F6C693E0A20203C6C693E4C6C6F79642773205265676973746572205261696C204C696D69746564203C2F6C693E0A20203C6C693E4C6C6F7964277320526567697374657220566572696669636174696F6E204C696D69746564203C2F6C693E0A20203C6C693E4C6C6F796427732052656769737465722043656E7472616C20616E6420536F75746820416D6572696361204C696D69746564203C2F6C693E0A20203C6C693E4C6C6F796427732052656769737465722047726F7570205365727669636573204C696D69746564203C2F6C693E0A20203C6C693E4C6C6F79642773205265676973746572204E6F72746820416D65726963612C20496E632E203C2F6C693E0A20203C6C693E4C6C6F7964277320526567697374657220436C617373696669636174696F6E20536F636965747920284368696E612920436F2E204C74642E203C2F6C693E0A20203C6C693E48656C6C656E6963204C6C6F7964277320532E412E203C2F6C693E0A20203C6C693E4C6C6F796427732052656769737465722028506F6C736B61292053702E207A2E6F2E6F2E203C2F6C693E0A20203C6C693E4C6C6F796427732052656769737465722042656C67696520767A77203C2F6C693E0A20203C6C693E4C6C6F7964277320526567697374657220646F2042726173696C204C7464612E203C2F6C693E0A20203C6C693E4C6C6F7964277320526567697374657220444F4F2042656F67726164203C2F6C693E0A20203C6C693E4C6C6F7964277320526567697374657220454D454120284E69676572696129204C746420477465203C2F6C693E0A20203C6C693E4C6C6F79642773205265676973746572204B617A616B687374616E204C4C50203C2F6C693E0A20203C6C693E4C6C6F796427732052656769737465722028526F6D616E6961292053726C203C2F6C693E0A20203C6C693E4C6C6F7964277320526567697374657220556B7261696E65203C2F6C693E0A20203C6C693E4C6C6F79642773205265676973746572204E656465726C616E64204256203C2F6C693E0A20203C6C693E4C6C6F796427732052656769737465722045737061C3B161204256203C2F6C693E0A20203C6C693E4C6C6F79642773205265676973746572206F66205368697070696E6720284D616C61797369612920426864203C2F6C693E0A20203C6C693E4C6C6F7964277320526567697374657220546563686E6963616C2053657276696365732053646E2E204268642E203C2F6C693E0A20203C6C693E4C6C6F796427732052656769737465722047C3B67A6574696D204C74642E20C59E74692E203C2F6C693E0A20203C6C693E4C6C6F79642773205265676973746572205161746172204C4C43203C2F6C693E0A20203C6C693E4C6C6F7964277320526567697374657220456E6572677920616E64205472616E73706F72746174696F6E205320646520524C2064652043563C2F6C693E0A3C2F756C3E', '2016-12-29 00:00:00', 1, 'Lloyds Register');
INSERT INTO TERMS_CONDITIONS (ID, TC_DESCRIPTION, TC_DATE, TC_VERSION, TC_AUTHOR) VALUES (4, X'3C68313E436F6E7472616374207465726D733C2F68313E0A0A312E205468697320436F6E7472616374206973206265747765656E2074686520436C69656E742028746865207265676973746572656420736869706F776E6572206F6E20626568616C66206F662077686F6D20746865204170706C6963616E7420697320616374696E672920616E6420746865204C6C6F79642773205265676973746572204F7065726174696E6720456E7469747920284C5229207768696368206D61696E7461696E73206F66666963657320696E2074686520636F756E747279206F7220726567696F6E20696E20776869636820746865204170706C6963616E74202874686520436C69656E74277320726570726573656E74617469766529206973206261736564206174207468652074696D65207468617420746865204170706C6963616E7420656E7465727320696E746F207468697320436F6E74726163742E20204C6C6F79642773205265676973746572204F7065726174696E6720456E74697469657320283C6120687265663D222220636C6173733D2263642D616E63686F722D7461672220646174612D7363726F6C6C2D746F3D226C726F65223E4C524F453C2F613E2920746861742061726520616666696C696174657320616E6420737562736964696172696573206F66204C6C6F796427732052656769737465722047726F7570204C696D6974656420696E636C7564653A204C6C6F7964277320526567697374657220454D45412C204C6C6F79642773205265676973746572204173696120616E64204C6C6F79642773205265676973746572204E6F72746820416D657269636120496E632E20616E64206F7468657273206C69737465642063616E20626520616363657373656420627920636C69636B696E67206F6E2074686520274C524F45272068797065726C696E6B7320696E2074686520746578742E0A0A322E20496E207468657365207465726D7320616E6420636F6E646974696F6E733A0A2020202069292022536572766963657322206D65616E7320616E7920616E6420616C6C20737572766579732C20636C617373696669636174696F6E2C2063657274696669636174696F6E20616E64207265706F7274696E672073657276696365732070726F766964656420617420616E792074696D6520746F2074686520436C69656E74206279204C520A20202020696929207468652022436F6E747261637422206D65616E7320746869732061677265656D656E7420666F7220737570706C79206F66207468652053657276696365733B0A20202020696969292074686520224C522047726F757022206D65616E73203C6120687265663D222220636C6173733D2263642D616E63686F722D7461672220646174612D7363726F6C6C2D746F3D226C726F65223E4C524F453C2F613E2C20696E636C7564696E67204C522C2069747320616666696C696174657320616E64207375627369646961726965732C20616E6420746865206F666669636572732C206469726563746F72732C20656D706C6F796565732C20726570726573656E7461746976657320616E64206167656E7473206F6620616E79206F66207468656D2C20696E646976696475616C6C79206F7220636F6C6C6563746976656C793B2020224665657322206D65616E7320616C6C206665657320616E64206368617267657320696E766F6963656420746F2074686520436C69656E7420627920616E79204C522047726F757020656E7469747920207075727375616E7420746F20746865207465726D73206F66207468697320436F6E74726163743B20616E640A2020202069762920436F6D6D6974746565206D65616E7320746865204C522047726F757020436C617373696669636174696F6E20436F6D6D69747465652E0A0A332E2054686520436C69656E742061677265657320746F2070617920616C6C204665657320666F72207468652053657276696365732077697468696E2033302064617973206F662074686520696E766F69636520646174652028746865206475652064617465292E2049662074686520436C69656E7420646973707574657320616E20696E766F6963652C206F722070617274206F6620616E20696E766F6963652C2074686520436C69656E74206D75737420696D6D6564696174656C79206E6F74696679204C5220696E2077726974696E672E204966206E6F206E6F74696669636174696F6E206973207265636569766564206279207468652064756520646174652C2074686520436C69656E742077696C6C206265206465656D656420746F20686176652061636365707465642074686520696E766F69636520696E2066756C6C2E205768657265206F6E6C792070617274206F6620616E20696E766F6963652069732064697370757465642C2074686520756E646973707574656420616D6F756E74206D7573742062652070616964206279207468652064756520646174652E204C522072657365727665732074686520726967687420746F20726169736520696E746572696D20696E766F6963657320666F722053657276696365732070726F76696465642C2063616C63756C61746564206F6E20612070726F20726174612062617369732E204C522072657365727665732074686520726967687420746F2063686172676520696E746572657374206163637275696E67206F6E2061206461696C7920626173697320617420616E20616E6E75616C2072617465206F662032252061626F7665207468652067726561746572206F6620746865204C6F6E646F6E20496E74657262616E6B204F6666657265642042617365205261746520284C49424F522920286F7220746865206571756976616C656E7420696E2074686520636F756E7472792077686572652074686520436C69656E74206D61696E7461696E7320697473207072696E636970616C206F666669636529206F6E20616E7920616D6F756E742072656D61696E696E6720756E70616964206265796F6E64207468652064756520646174652C20616E64206D61792077697468686F6C6420616E79206F7220616C6C20536572766963657320756E74696C2074686520617272656172732C20696E636C7564696E6720696E7465726573742C20617265207061696420696E2066756C6C2E204C52206D61792061742069747320736F6C652064697363726574696F6E20617420616E792074696D6520616C6C6F63617465207061796D656E742072656365697665642066726F6D2074686520436C69656E7420746F2073617469736679206F74686572206561726C69657220696E766F6963657320746861742072656D61696E20756E706169642062792074686520436C69656E742E204665657320646F206E6F7420696E636C75646520616E79207461782C20696E636C7564696E6720627574206E6F74206C696D6974656420746F2056616C7565204164646564205461782C20476F6F647320616E64205365727669636573205461782C2077697468686F6C64696E672074617865732C207475726E6F7665722074617865732C2073757263686172676573206F7220647574696573206173207265717569726564206279206C61772C20616E642069662072657175697265642C20616E79207375636820746178206F7220647574792069732063686172676561626C6520746F2074686520436C69656E7420616E642070617961626C652062792074686520436C69656E7420696E206164646974696F6E20746F207468652061626F7665207265666572656E63656420466565732E2054686520436C69656E74207368616C6C20706179207468652066756C6C204665657320617320696E766F6963656420697272657370656374697665206F6620776865746865722074686520436C69656E74206973207265717569726564206279206C617720746F2077697468686F6C6420616E79207461786573206F72206475746965732066726F6D2074686520696E766F6963656420616D6F756E742E0A0A342E204C522072657365727665732074686520726967687420746F2063686172676520666F7220616E7920776F726B2074686174206973206164646974696F6E616C20746F2074686174206F726967696E616C6C792071756F7465642E0A0A352E204C522077696C6C206B65657020636F6E666964656E7469616C20616E64206E6F7420757365206F7220646973636C6F736520746F20616E79207468697264207061727479206F75747369646520746865204C522047726F757020616E7920646174612C20706C616E206F72206F74686572207772697474656E20746563686E6963616C20696E666F726D6174696F6E202874686520496E666F726D6174696F6E29207265636569766564202066726F6D2074686520436C69656E742020657863657074206173206D6179206265207265717569726564206279206C6177206F72206173206D617920626520617574686F72697365642062792074686520436C69656E742C206F72206173207265666572656E6365642062656C6F772E2054686973206F626C69676174696F6E2077696C6C206E6F74206170706C7920746F20616E7920496E666F726D6174696F6E20746861743A0A2020202069292077617320696E20746865204C522047726F7570277320706F7373657373696F6E206265666F72652069747320646973636C6F73757265206279206F72206F6E20626568616C66206F662074686520436C69656E7420746F20746865204C522047726F75703B206F722C0A202020206969292020697320646973636C6F73656420746F2061207468697264207061727479207468726F756768206E6F206661756C74206F6620746865204C522047726F75703B206F722C0A202020206969692920206F7468657277697365206265636F6D657320617661696C61626C6520746F20746865204C522047726F75702066726F6D20616E20696E646570656E64656E7420736F75726365206E6F7420756E646572206120636F6E666964656E7469616C697479206F626C69676174696F6E20746F2074686520436C69656E743B206F722C0A2020202069762920697320706F73746564206F6E20746865204C522047726F757020E28098436C61737320446972656374E280992077656273697465206F72204170703B206F722C0A2020202076292069732070726F766964656420746F20616E204C5220636F6E74726163746F72206F7220737570706C69657220756E64657220636F6E666964656E7469616C697479207465726D7320616E6420636F6E74726F6C733B206F722C0A20202020766929204C522069732072657175657374656420746F2070726F766964652074686520496E666F726D6174696F6E20746F3A0A2020202020202020286129206120466C616720537461746520617574686F726974792028696E636C7564696E672074686520455520436F6D6D697373696F6E20726570726573656E74617469766573293B206F722C0A202020202020202028622920616E6F746865722049414353206D656D62657220287075727375616E7420746F207468652049414353206561726C79207761726E696E672072756C6573293B206F722C0A202020202020202028632920612073756273657175656E74206F776E6572206F66207468652076657373656C20746F2068656C70206578706C61696E20616E79204C522047726F757020736166657479207265636F6D6D656E646174696F6E20746F20746861742073756273657175656E74206F776E65722E2054686973206F626C69676174696F6E2077696C6C2073757276697665207465726D696E6174696F6E206F662074686520436F6E74726163742E0A0A362E204E6F74776974687374616E64696E67207468652067656E6572616C2064757479206F6620636F6E666964656E7469616C697479206F776564206279204C522C204C522077696C6C20706172746963697061746520696E207468652049414353204561726C79205761726E696E672053797374656D207768696368207265717569726573204C5220746F2070726F76696465206974732066656C6C6F772049414353206D656D6265727320776974682072656C6576616E7420746563686E6963616C20696E666F726D6174696F6E206F6E20736572696F75732068756C6C207374727563747572616C20616E6420656E67696E656572696E672073797374656D206661696C757265732C20617320646566696E656420696E207468652049414353204561726C79205761726E696E672053797374656D2028627574206E6F7420696E636C7564696E6720616E792064726177696E67732072656C6174696E6720746F207468652073686970207768696368206D6179206265207468652073706563696669632070726F7065727479206F6620616E6F74686572207061727479292C20746F20656E61626C6520737563682075736566756C20696E666F726D6174696F6E20746F2062652073686172656420616E64207574696C6973656420746F20666163696C6974617465207468652070726F70657220776F726B696E67206F66207468652049414353204561726C79205761726E696E672053797374656D2E204C522077696C6C2070726F766964652074686520436C69656E742077697468207772697474656E2064657461696C73206F66207375636820696E666F726D6174696F6E2075706F6E2073656E64696E67207468652073616D6520746F2049414353204D656D626572732E0A0A372E20496E666F726D6174696F6E206F627461696E6564206279204C522066726F6D2074686520436C69656E74206D6179206265207573656420627920746865204C522047726F7570206F722069747320636F6E74726163746F727320666F7220726573656172636820707572706F73657320746F2068656C7020756E6465727374616E64207269736B207472656E6473206F7220746F2068656C7020656E68616E6365207361666574792E2053756368207265736561726368206D6179206265207075626C697368656420627920746865204C522047726F757020696E206120666F726D207468617420646F6573206E6F7420616C6C6F77206964656E74696669636174696F6E206F6620616E7920696E646976696475616C2076657373656C2C20696E7374616C6C6174696F6E206F722070726F647563742E0A0A382E205468697320436F6E747261637420636F6E74696E75657320696E20666F72636520756E74696C20636C6173732069732073757370656E646564206F722077697468647261776E206F722074686520636F6E7472616374206973206F7468657277697365207465726D696E61746564206279204C52206F722074686520436C69656E742C20616674657220676976696E6720746865206F74686572207061727479203330206461797327207772697474656E206E6F746963652E0A0A392E2049662074686520436F6E7472616374206973207465726D696E61746564206279204C52206F722074686520436C69656E74206265666F72652074686520536572766963657320756E6465722074686520436F6E74726163742061726520636F6D706C657465642C204C52277320666565732077696C6C2062652063616C63756C61746564206F6E20612070726F207261746120626173697320757020746F207468652064617465206F66207465726D696E6174696F6E2E20416E7920726561736F6E61626C6520636F737473206469726563746C79206174747269627574656420746F206561726C79207465726D696E6174696F6E20616E6420616E7920616D6F756E7473207468656E2064756520746F204C522077696C6C20696D6D6564696174656C79206265636F6D652070617961626C652E0A0A31302E204C52277320536572766963657320646F206E6F742061737365737320636F6D706C69616E6365207769746820616E79207374616E64617264206F74686572207468616E20746865206170706C696361626C6520636C617373696669636174696F6E2072756C657320616E6420696E7465726E6174696F6E616C20636F6E76656E74696F6E7320616E64206F74686572206170706C696361626C65207374617475746F727920726571756972656D656E74732E20576974686F7574206C696D6974696E67207468652067656E6572616C697479206F662074686520666F7265676F696E672C207468652069737375616E6365206F66206120636C61737320636572746966696361746520646F6573206E6F7420696E20697473656C6620636F6E7374697475746520612067756172616E7465652074686174207468652076657373656C20697320736561776F7274687920616E6420646F6573206E6F742072656C696576652074686520436C69656E74206F6620697473206E6F6E2D64656C656761626C65206475747920746F206D61696E7461696E207468652076657373656C20696E206120736561776F7274687920636F6E646974696F6E2E0A0A31312E2049662074686520436C69656E74207265717569726573204C5220636C617373696669636174696F6E2053657276696365732072656C6174696E6720746F2076657373656C732C206D616368696E6572792C206F722065717569706D656E7420696E2061206A7572697364696374696F6E20696E207768696368204C5220697473656C6620646F6573206E6F7420646F20627573696E6573732074686520436C69656E74206865726562792061636B6E6F776C656467657320616E642061677265657320746861742074686573652053657276696365732077696C6C20626520706572666F726D656420627920612073756273696469617279206F7220616666696C69617465206F66204C5220746861742069732070617274206F6620746865204C522047726F757020616E64207468617420697320617574686F726973656420746F20636F6E6475637420636C617373696669636174696F6E207375727665797320616E6420697373756520636572746966696361746573206F6E207468652076657373656C2C206D616368696E6572792C206F722065717569706D656E742E0A0A0A31322E20496E2070726F766964696E672053657276696365732C20696E666F726D6174696F6E2C206F72206164766963652C20746865204C522047726F757020646F6573206E6F742077617272616E7420746865206163637572616379206F6620616E7920696E666F726D6174696F6E206F722061647669636520737570706C6965642E2045786365707420617320736574206F757420696E207468657365207465726D7320616E6420636F6E646974696F6E732C20746865204C522047726F75702077696C6C206E6F74206265206C6961626C6520666F7220616E79206C6F73732C2064616D6167652C206F7220657870656E7365207375737461696E656420627920616E7920706572736F6E20616E642063617573656420627920616E79206163742C206F6D697373696F6E2C206572726F722C206E65676C6967656E63652C206F7220737472696374206C696162696C697479206F6620616E79206F6620746865204C522047726F7570206F722063617573656420627920616E7920696E616363757261637920696E20616E7920696E666F726D6174696F6E206F722061647669636520676976656E20696E20616E7920776179206279206F72206F6E20626568616C66206F6620746865204C522047726F7570206576656E2069662068656C6420746F20616D6F756E7420746F206120627265616368206F662077617272616E74792E204E657665727468656C6573732C2069662074686520436C69656E74207573657320746865205365727669636573206F722072656C696573206F6E20616E7920696E666F726D6174696F6E206F722061647669636520676976656E206279206F72206F6E20626568616C66206F6620746865204C522047726F757020616E64206173206120726573756C742073756666657273206C6F73732C2064616D6167652C206F7220657870656E736520746861742069732070726F76656420746F2068617665206265656E2063617573656420627920616E79206E65676C6967656E74206163742C206F6D697373696F6E2C206F72206572726F72206F6620746865204C522047726F7570206F7220616E79206E65676C6967656E7420696E616363757261637920696E20696E666F726D6174696F6E206F722061647669636520676976656E206279206F72206F6E20626568616C66206F6620746865204C522047726F75702C207468656E204C522077696C6C2070617920636F6D70656E736174696F6E20746F2074686520436C69656E7420666F72206974732070726F766564206C6F737320757020746F20627574206E6F7420657863656564696E672074686520616D6F756E74206F6620746865206665652028696620616E79292063686172676564206279204C5220666F72207468617420706172746963756C617220736572766963652C20696E666F726D6174696F6E2C206F72206164766963652E0A0A31332E204E6F74776974687374616E64696E67207468652070726576696F757320636C617573652C20746865204C522047726F75702077696C6C206E6F74206265206C6961626C6520666F7220616E79206C6F7373206F662070726F6669742C206C6F7373206F6620636F6E74726163742C206C6F7373206F66207573652C206F7220616E7920696E646972656374206F7220636F6E73657175656E7469616C206C6F73732C2064616D6167652C206F7220657870656E7365207375737461696E656420627920616E7920706572736F6E2063617573656420627920616E79206163742C206F6D697373696F6E2C206F72206572726F72206F722063617573656420627920616E7920696E616363757261637920696E20616E7920696E666F726D6174696F6E206F722061647669636520676976656E20696E20616E7920776179206279206F72206F6E20626568616C66206F6620746865204C522047726F75702E0A0A31342E2054686520436C69656E74207368616C6C20696E64656D6E69667920616E6420686F6C64206861726D6C65737320616C6C206D656D62657273206F6620746865204C522047726F75702066726F6D20616C6C20636C61696D732C20636F7374732C2070726F63656564696E67732C2064616D6167657320616E6420657870656E7365732028696E636C7564696E67206C6567616C20616E64206F746865722070726F66657373696F6E616C206665657320616E6420657870656E736573292C206D61646520616761696E73742C20696E637572726564206F72207061696420627920616E79206D656D626572206F6620746865204C522047726F7570206173206120726573756C74206F662C206F7220696E20636F6E6E656374696F6E20776974683A0A20202020692920616E79206272656163682062792074686520436C69656E74206F66207468697320436F6E74726163743B206F722C0A2020202069692920616E79206572726F72206F72206E65676C6967656E6365206F662074686520436C69656E742072656C6174656420746F207468697320436F6E74726163743B206F720A20202020696969292074686520436C69656E74E280997320627265616368206F66206F746865722074686972642070617274792072696768747320636F6E6E65637465642077697468207468697320436F6E74726163743B206F720A2020202069762920616E7920616C6C65676564206F722061637475616C20696E6672696E67656D656E742077686574686572206F72206E6F7420756E64657220456E676C697368206C61772C206F6620616E79207468697264207061727479E280997320496E74656C6C65637475616C2050726F7065727479205269676874732028696E636C7564696E6720636F70797269676874292E0A0A31352E204E6F204C522047726F757020656E746974792077696C6C206265206C6961626C65206F7220726573706F6E7369626C6520696E206E65676C6967656E6365206F72206F746865727769736520746F20616E7920706572736F6E206E6F74206120706172747920746F207468697320436F6E7472616374207075727375616E7420746F20776869636820616E792063657274696669636174652C2073746174656D656E742C20646174612C206F72207265706F72742069732069737375656420627920616E204C522047726F757020656E7469747920666F720A20202020692920616E7920696E666F726D6174696F6E206F722061647669636520657870726573736C79206F7220696D706C6965646C7920676976656E20627920616E204C522047726F757020656E746974792C0A2020202069692920616E79206F6D697373696F6E206F7220696E616363757261637920696E20616E7920696E666F726D6174696F6E206F722061647669636520676976656E2C206F720A202020206969692920616E7920616374206F72206F6D697373696F6E207468617420636175736564206F7220636F6E747269627574656420746F207468652069737375616E6365206F6620616E792063657274696669636174652C2073746174656D656E742C20646174612C206F72207265706F727420636F6E7461696E696E672074686520696E666F726D6174696F6E206F72206164766963652E0A0A31362E204E6F206F6D697373696F6E206F72206661696C75726520746F206361727279206F7574206F72206F62736572766520616E792073746970756C6174696F6E2C20636F6E646974696F6E206F72206F626C69676174696F6E20746F20626520706572666F726D656420756E6465722074686520436F6E74726163742077696C6C2067697665207269736520746F20616E7920636C61696D20616761696E7374204C52206F7220616E79206F74686572204C522047726F757020656E746974792C206F72206265206465656D656420746F206265206120627265616368206F6620636F6E74726163742C20696620746865206661696C757265206F72206F6D697373696F6E206172697365732066726F6D20636175736573206265796F6E64207468617420656E74697479277320726561736F6E61626C6520636F6E74726F6C2E0A0A31372E205468697320436F6E747261637420616E6420616E792064697370757465206F7220636C61696D206265747765656E20616E79206D656D626572206F6620746865204C522047726F757020616E642074686520436C69656E742061726973696E672066726F6D206F7220696E20636F6E6E656374696F6E20776974682069742C206F72207468652053657276696365732070726F76696465642C2077696C6C20626520676F7665726E656420627920456E676C697368206C61772E204578636570742061732070726F76696465642062656C6F772C204C5220616E642074686520436C69656E742069727265766F6361626C7920616772656520746861742074686520456E676C69736820636F757274732077696C6C2068617665206578636C7573697665206A7572697364696374696F6E206F76657220616E792064697370757465206F7220636C61696D2061726973696E672066726F6D206F7220696E20636F6E6E656374696F6E2077697468207468697320436F6E7472616374206F72207468652053657276696365732070726F76696465642E204E6F7468696E6720696E207468697320636C61757365206C696D69747320746865207269676874206F66204C5220746F2074616B65206465627420636F6C6C656374696F6E2070726F63656564696E677320616761696E73742074686520436C69656E7420696E20616E79206F7468657220636F757274206F6620636F6D706574656E74206A7572697364696374696F6E2E0A0A31382E204E6F206164646974696F6E2C20616C7465726174696F6E206F7220737562737469747574696F6E206F6620746865736520436F6E7472616374207465726D732077696C6C2062696E64204C52202C206F7220666F726D2070617274206F66207468697320436F6E747261637420756E6C65737320697420697320657870726573736C7920616363657074656420696E2077726974696E6720627920616E20617574686F7269736564204C5220726570726573656E7461746976652077686F20657870726573736C792073746174657320696E2077726974696E672074686174204C52206973206167726565696E6720746F20616C746572207468657365205465726D7320616E6420436F6E646974696F6E732E20496E20746865206576656E74206F6620616E7920636F6E666C696374206265747765656E20746865736520436F6E7472616374207465726D7320616E6420616E7920646F63756D656E7420707572706F7274696E6720746F20696D706F736520646966666572656E74207465726D732C20746865736520436F6E7472616374207465726D732077696C6C207072657661696C2E0A0A31392E2054686520436C69656E74206861732061206475747920746F2070726F766964652061207361666520706C616365206F6620776F726B20666F72204C522773207375727665796F72732E205468697320647574792072656C6174657320746F20706C61636573206F6620776F726B2077686963682061726520756E6465722074686520636F6E74726F6C206F662074686520436C69656E742077686963682063616E20696E636C7564652073686970732C207368697079617264732C206F666673686F726520706C6174666F726D732C20666163746F726965732C20666F756E64726965732C20726566696E657269657320616E64206F6666696365732E0A0A32302E20416E7920636C61737365642076657373656C2C206D616368696E657279206F722065717569706D656E74206D757374206265206F70657261746564206F6E6C7920696E2061206D616E6E657220636F6E73697374656E742077697468207468652070726F706F7365642064657369676E20637269746572696120616E6420616E79206C696D69747320616772656564206174207468652074696D65206F6620636C617373696669636174696F6E2E20496620616E792076657373656C206F722065717569706D656E74206F70657261746573206F757473696465207468657365206C696D6974732C2073756368206661637473206D757374206265207265706F7274656420746F204C5220776974686F75742064656C61792E0A0A32312E20416E792064616D6167652C206465666563742C20627265616B646F776E2C206F722067726F756E64696E67207468617420636F756C6420696E76616C69646174652074686520636F6E646974696F6E7320666F72207768696368206120636C61737320686173206265656E2061737369676E65642C206D757374206265207265706F7274656420746F204C5220776974686F75742064656C61792E0A0A32322E20416C6C207265706169727320746F2068756C6C2C2065717569706D656E7420616E64206D616368696E6572792074686174206D617920626520726571756972656420666F722061207368697020746F2072657461696E20636C6173732061726520746F2062652063617272696564206F757420746F2074686520736174697366616374696F6E206F66204C522E205768656E207265706169727320617265206566666563746564206174206120706F72742C207465726D696E616C2C206F72206C6F636174696F6E20776865726520746865207365727669636573206F6620616E204C52207375727665796F7220617265206E6F7420617661696C61626C652C2074686520726570616972732061726520746F206265207375727665796564206279206F6E65206F6620746865204C522047726F75702773207375727665796F727320617420746865206561726C69657374206F70706F7274756E69747920746865726561667465722E0A0A32332E20506C616E7320616E6420706172746963756C617273206F6620616E792070726F706F73656420616C7465726174696F6E7320746F2074686520617070726F766564207363616E746C696E677320616E6420617272616E67656D656E7473206F662068756C6C2C2065717569706D656E742C206F72206D616368696E6572792061726520746F206265207375626D697474656420746F204C5220666F7220617070726F76616C2C20616E642074686520616C7465726174696F6E732061726520746F2062652063617272696564206F757420746F2074686520736174697366616374696F6E206F6620746865204C522047726F75702773207375727665796F72732E0A0A32342E2049742069732074686520726573706F6E736962696C697479206F662074686520436C69656E7420746F20656E73757265207468617420616C6C2073757276657973206E656365737361727920666F7220746865206D61696E74656E616E6365206F6620636C617373206172652063617272696564206F7574206174207468652070726F7065722074696D6520616E6420696E206163636F7264616E63652077697468204C52277320696E737472756374696F6E732E0A0A32352E204C52206D617920676976652074696D656C79206E6F7469636520746F2074686520436C69656E742061626F757420666F727468636F6D696E6720737572766579732E20546865206F6D697373696F6E206F66206E6F746963652C20686F77657665722C20646F6573206E6F74206162736F6C76652074686520436C69656E742066726F6D20726573706F6E736962696C69747920746F20636F6D706C79207769746820726571756972656D656E747320666F72206D61696E74656E616E6365206F6620636C6173732E0A0A32362E205768656E2074686520526567756C6174696F6E7320776974682072656761726420746F2073757276657973206F6E207468652068756C6C2C2065717569706D656E742C206F72206D616368696E6572792068617665206E6F74206265656E20636F6D706C696564207769746820616E642074686520736869702069732074686572656279206E6F7420656E7469746C656420746F2072657461696E20636C6173732C2074686520636C617373206D61792062652073757370656E646564206F722077697468647261776E2E0A0A32372E205768656E207265706F72746564206465666563747320696E207468652068756C6C2C2065717569706D656E742C206F72206D616368696E6572792061726520666F756E6420616E642074686520436C69656E74206661696C7320746F20726570616972207468657365206465666563747320696E206163636F7264616E63652077697468204C52277320726571756972656D656E74732C2074686520636C617373206D61792062652073757370656E646564206F722077697468647261776E2E0A0A32382E204C5220696E206974732064697363726574696F6E206D61792077697468686F6C64205365727669636573206F722C20696620616C7265616479206772616E7465642C206D61792073757370656E64206F7220776974686472617720616E7920636C61737320286F722077697468686F6C6420616E79206365727469666963617465206F72207265706F727420696E20616E79206F74686572206361736529206966206120436C69656E74206661696C7320746F20636F6D706C7920776974682074686520636F6E646974696F6E732073657420666F72746820696E2050617261677261706873203139207468726F756768203237206F7220696E20746865206576656E74206F66206E6F6E2D7061796D656E74206F6620616E7920466565732E0A0A32392E2054686520436C69656E74206D6179206F627461696E2061636365737320746F2074686520636C617373696669636174696F6E207374617475732C2073757276657920686973746F72792C20636C617373696669636174696F6E2052756C657320616E64206F746865722072656C6576616E7420746563686E6963616C20696E666F726D6174696F6E207468726F75676820746865203C6120687265663D2268747470733A2F2F7777772E636C6173736469726563742E6C722E6F72672F22207461726765743D225F626C616E6B223E436C617373204469726563742077656270616765733C2F613E2E0A0A33302E20576865726520746865207368697020686173206265656E2064657461696E656420666F6C6C6F77696E67206120506F727420537461746520436F6E74726F6C20696E7370656374696F6E206F6E206F6E65206F72206D6F7265206F63636173696F6E732C206F72206265656E207375626A65637420746F20616E20756E7363686564756C656420737572766579207769746820736572696F757320646566696369656E6369657320666F756E642C207468656E2074686520636C6173732077696C6C206265206C6961626C6520746F2062652073757370656E646564206F722077697468647261776E2C206174207468652064697363726574696F6E206F662074686520436F6D6D69747465652E0A0A33312E2054686520706172746965732061677265652074686174207468697320436F6E747261637420636F6E73746974757465732074686520656E746972652061677265656D656E74206265747765656E207468656D2C20616E64207375706572736564657320616C6C2070726576696F7573206472616674732C2061677265656D656E74732C20617272616E67656D656E747320616E6420756E6465727374616E64696E6773206265747765656E207468656D2C2077686574686572206F72616C206F72207772697474656E2E0A0A3C68322069643D226C726F65223E4C524F453C2F68323E0A0A3C756C3E0A20203C6C693E4C6C6F796427732052656769737465722047726F7570204C696D69746564203C2F6C693E0A20203C6C693E4C6C6F7964277320526567697374657220454D4541203C2F6C693E0A20203C6C693E4C6C6F796427732052656769737465722041736961203C2F6C693E0A20203C6C693E4C6C6F796427732052656769737465722043616E616461204C7464203C2F6C693E0A20203C6C693E4C6C6F7964277320526567697374657220496E7465726E6174696F6E616C203C2F6C693E0A20203C6C693E4C6C6F79642773205265676973746572205261696C204C696D69746564203C2F6C693E0A20203C6C693E4C6C6F7964277320526567697374657220566572696669636174696F6E204C696D69746564203C2F6C693E0A20203C6C693E4C6C6F796427732052656769737465722043656E7472616C20616E6420536F75746820416D6572696361204C696D69746564203C2F6C693E0A20203C6C693E4C6C6F796427732052656769737465722047726F7570205365727669636573204C696D69746564203C2F6C693E0A20203C6C693E4C6C6F79642773205265676973746572204E6F72746820416D65726963612C20496E632E203C2F6C693E0A20203C6C693E4C6C6F7964277320526567697374657220436C617373696669636174696F6E20536F636965747920284368696E612920436F2E204C74642E203C2F6C693E0A20203C6C693E48656C6C656E6963204C6C6F7964277320532E412E203C2F6C693E0A20203C6C693E4C6C6F796427732052656769737465722028506F6C736B61292053702E207A2E6F2E6F2E203C2F6C693E0A20203C6C693E4C6C6F796427732052656769737465722042656C67696520767A77203C2F6C693E0A20203C6C693E4C6C6F7964277320526567697374657220646F2042726173696C204C7464612E203C2F6C693E0A20203C6C693E4C6C6F7964277320526567697374657220444F4F2042656F67726164203C2F6C693E0A20203C6C693E4C6C6F7964277320526567697374657220454D454120284E69676572696129204C746420477465203C2F6C693E0A20203C6C693E4C6C6F79642773205265676973746572204B617A616B687374616E204C4C50203C2F6C693E0A20203C6C693E4C6C6F796427732052656769737465722028526F6D616E6961292053726C203C2F6C693E0A20203C6C693E4C6C6F7964277320526567697374657220556B7261696E65203C2F6C693E0A20203C6C693E4C6C6F79642773205265676973746572204E656465726C616E64204256203C2F6C693E0A20203C6C693E4C6C6F796427732052656769737465722045737061C3B161204256203C2F6C693E0A20203C6C693E4C6C6F79642773205265676973746572206F66205368697070696E6720284D616C61797369612920426864203C2F6C693E0A20203C6C693E4C6C6F7964277320526567697374657220546563686E6963616C2053657276696365732053646E2E204268642E203C2F6C693E0A20203C6C693E4C6C6F796427732052656769737465722047C3B67A6574696D204C74642E20C59E74692E203C2F6C693E0A20203C6C693E4C6C6F79642773205265676973746572205161746172204C4C43203C2F6C693E0A20203C6C693E4C6C6F7964277320526567697374657220456E6572677920616E64205472616E73706F72746174696F6E205320646520524C2064652043563C2F6C693E0A3C2F756C3E', '2016-12-29 02:20:00', 1, 'Lloyds Register');

INSERT INTO USERS (user_id, client_code, email) VALUES ('101','1','101.classdirect@gmail.com'); -- client user
INSERT INTO USERS (user_id, ship_code) VALUES ('102', '1'); -- ship builder user
INSERT INTO USERS (user_id, flag_code) VALUES ('103', 'CH2'); -- flag user
INSERT INTO USERS (user_id, flag_code, ship_code, client_code) VALUES ('104', 'CH2', '1', '3'); -- EOR user
INSERT INTO USERS (user_id, email) VALUES ('105','puppy1@bae.com'); -- LR Support
INSERT INTO USERS (user_id, email) VALUES ('106','106User@bae.com'); -- LR Admin
INSERT INTO USERS (user_id, client_code, email, status, acc_expiry_date, last_login, name, company_name) VALUES ('107','4','raj.kaneysan@baesystems.com', 1,'2016-12-06', '2017-01-11 10:30:00', 'Vicknesh Muthuveerapan', 'Tschudi_Ship Management_AS'); -- LR Support
INSERT INTO USERS (user_id, email, status) VALUES ('108','puppy@bae.com',1); -- EOR user
INSERT INTO USERS (user_id, email, status) VALUES ('109','109User@bae.com',1);
INSERT INTO USERS (user_id, email, status) VALUES ('110','abc@bae.com',1);
INSERT INTO USERS (user_id, flag_code, ship_code, client_code, email, status) VALUES ('111', 'CH2', '1', '4','',1);
INSERT INTO USERS (user_id, flag_code, ship_code, client_code, email, status) VALUES ('112', 'CH2', '1', '5','',1);
INSERT INTO USERS (user_id, email, status) VALUES ('113','abc@bae.com',1);
INSERT INTO USERS (user_id, flag_code, ship_code, client_code, email, status) VALUES ('114', 'CH2', '1','4','abc@bae.com',1);
INSERT INTO USERS (user_id, email, status, flag_code) VALUES ('115','115User@bae.com',3,'ALA');
INSERT INTO USERS (user_id, email,status) VALUES ('116','abc@bae.com',1);
INSERT INTO USERS (user_id, email,status) VALUES ('117','abc@bae.com',1);
INSERT INTO USERS (user_id, status) VALUES ('118',1);
INSERT INTO USERS (user_id) VALUES ('119');
INSERT INTO USERS (user_id, client_code, email, status) VALUES ('120','4','abc@bae.com',2);
INSERT INTO USERS (user_id, client_code, email, status) VALUES ('121','4','abc@bae.com',1);
INSERT INTO USERS (user_id, client_code, email, status) VALUES ('122','4','abc@bae.com',2);
INSERT INTO USERS (user_id, client_code, email, client_type, status, last_login) VALUES ('124','100191','sesh@bae.com', 'DOC_COMPANY_ROLE',1, '2017-01-05 09:56:03');
INSERT INTO USERS (user_id, client_code, email, client_type, status, last_login) VALUES ('125','100192','krish@bae.com', 'SHIP_MANAGER_ROLE',1, '2017-01-31 09:56:03');
INSERT INTO USERS (user_id, client_code, email, client_type, status) VALUES ('126','100193','hari@bae.com', 'GROUP_BENEFICIAL_OWNER',1);
INSERT INTO USERS (user_id, client_code, email, client_type, status) VALUES ('127','100197','hari1@bae.com', 'GROUP_BENEFICIAL_OWNER',1);
INSERT INTO USERS (user_id, client_code, email, client_type, status) VALUES ('128','100197','128User@bae.com', 'GROUP_BENEFICIAL_OWNER',3);
INSERT INTO USERS (user_id, flag_code, ship_code, client_code) VALUES ('78ba5cc3-e433-46a8-8487-b847e80dc88a', 'CH2', '1', '1');
INSERT INTO USERS (user_id, flag_code, ship_code, client_code, last_login) VALUES ('d0835759-e2f5-4d0c-b445-c90a20d89466', 'CH2', '1', '3','2016-01-11 10:30:00');
INSERT INTO USERS (user_id, flag_code, ship_code, client_code, last_login) VALUES ('2618aed6-3d12-41e5-9f24-c29f2c7ea4c1', 'CH2', '1', '4', '2016-01-04 10:30:00');
INSERT INTO USERS (user_id) VALUES ('32b345b9-a8cf-4534-a979-87f7b23ce8e2');
INSERT INTO USERS (user_id) VALUES ('f09f4de5-814c-4733-9482-0ee7104e30ae');
INSERT INTO USERS (user_id) VALUES ('48999039-cde0-4234-8225-0a6469c6b701');
INSERT INTO USERS (user_id, client_code, email, client_type, status) VALUES ('130','1001999','lruser1@bae.com', 'GROUP_BENEFICIAL_OWNER',1);
INSERT INTO USERS (user_id, client_code, email, client_type, status) VALUES ('131','1001999','lruser2@bae.com', 'GROUP_BENEFICIAL_OWNER',1);
INSERT INTO USERS (user_id, client_code, email, client_type, status) VALUES ('132','1001999','lruser3@bae.com', 'GROUP_BENEFICIAL_OWNER',1);
INSERT INTO USERS (user_id, client_code, email, client_type, status) VALUES ('133','1001999','lruser4@bae.com', 'GROUP_BENEFICIAL_OWNER',1);
INSERT INTO USERS (user_id, client_code, email, client_type, status) VALUES ('134','1001999','lruser5@bae.com', 'GROUP_BENEFICIAL_OWNER',1);
INSERT INTO USERS (user_id, client_code, email, client_type, status, name, company_name) VALUES ('135','1001999','lruser6@bae.com', 'GROUP_BENEFICIAL_OWNER',1, 'lruser6','bae');

INSERT INTO FAVOURITES (USER_ID, ASSET_ID, SOURCE) VALUES ('2618aed6-3d12-41e5-9f24-c29f2c7ea4c1', 1, 'IHS');
INSERT INTO FAVOURITES (USER_ID, ASSET_ID, SOURCE) VALUES ('d0835759-e2f5-4d0c-b445-c90a20d89466', 7 , 'LRV');
INSERT INTO FAVOURITES (USER_ID, ASSET_ID, SOURCE) VALUES ('2618aed6-3d12-41e5-9f24-c29f2c7ea4c1', 96, 'LRV');
INSERT INTO FAVOURITES (USER_ID, ASSET_ID, SOURCE) VALUES ('32b345b9-a8cf-4534-a979-87f7b23ce8e2', 2, 'LRV');
INSERT INTO FAVOURITES (USER_ID, ASSET_ID, SOURCE) VALUES ('f09f4de5-814c-4733-9482-0ee7104e30ae', 7780, 'IHS');
INSERT INTO FAVOURITES (USER_ID, ASSET_ID, SOURCE) VALUES ('48999039-cde0-4234-8225-0a6469c6b701', 7778, 'IHS');
INSERT INTO FAVOURITES (USER_ID, ASSET_ID, SOURCE) VALUES ('128', 7778, 'IHS');

INSERT INTO ROLES VALUES (101, 'CLIENT');
INSERT INTO ROLES VALUES (102, 'EXTERNAL_NON_CLIENT');
INSERT INTO ROLES VALUES (103, 'SHIP_BUILDER');
INSERT INTO ROLES VALUES (104, 'FLAG');
INSERT INTO ROLES VALUES (105, 'EOR');
INSERT INTO ROLES VALUES (106, 'LR_SUPPORT');
INSERT INTO ROLES VALUES (107, 'LR_ADMIN');
INSERT INTO ROLES VALUES (108, 'LR_INTERNAL');

INSERT INTO USER_ROLES (ROLE_ID, USER_ID) VALUES (101, '101');
INSERT INTO USER_ROLES (ROLE_ID, USER_ID) VALUES (103, '102');
INSERT INTO USER_ROLES (ROLE_ID, USER_ID) VALUES (104, '103');
INSERT INTO USER_ROLES (ROLE_ID, USER_ID) VALUES (105, '104');
INSERT INTO USER_ROLES (ROLE_ID, USER_ID) VALUES (106, '105');
INSERT INTO USER_ROLES (ROLE_ID, USER_ID) VALUES (107, '106');
INSERT INTO USER_ROLES (ROLE_ID, USER_ID) VALUES (108, '107');
INSERT INTO USER_ROLES (ROLE_ID, USER_ID) VALUES (105, '108');
INSERT INTO USER_ROLES (ROLE_ID, USER_ID) VALUES (107, '109');
INSERT INTO USER_ROLES (ROLE_ID, USER_ID) VALUES (105, '111');
INSERT INTO USER_ROLES (ROLE_ID, USER_ID) VALUES (105, '112');
INSERT INTO USER_ROLES (ROLE_ID, USER_ID) VALUES (104, '106');
INSERT INTO USER_ROLES (ROLE_ID, USER_ID) VALUES (103, '114');
INSERT INTO USER_ROLES (ROLE_ID, USER_ID) VALUES (104, '115');
INSERT INTO USER_ROLES (ROLE_ID, USER_ID) VALUES (107, '116');
INSERT INTO USER_ROLES (ROLE_ID, USER_ID) VALUES (101, '78ba5cc3-e433-46a8-8487-b847e80dc88a');
INSERT INTO USER_ROLES (ROLE_ID, USER_ID) VALUES (102, 'd0835759-e2f5-4d0c-b445-c90a20d89466');
INSERT INTO USER_ROLES (ROLE_ID, USER_ID) VALUES (103, '2618aed6-3d12-41e5-9f24-c29f2c7ea4c1');
INSERT INTO USER_ROLES (ROLE_ID, USER_ID) VALUES (104, '32b345b9-a8cf-4534-a979-87f7b23ce8e2');
INSERT INTO USER_ROLES (ROLE_ID, USER_ID) VALUES (105, 'f09f4de5-814c-4733-9482-0ee7104e30ae');
INSERT INTO USER_ROLES (ROLE_ID, USER_ID) VALUES (104, '117');
INSERT INTO USER_ROLES (ROLE_ID, USER_ID) VALUES (104, '118');
INSERT INTO USER_ROLES (ROLE_ID, USER_ID) VALUES (107, '107');
INSERT INTO USER_ROLES (ROLE_ID, USER_ID) VALUES (102, '107');
INSERT INTO USER_ROLES (ROLE_ID, USER_ID) VALUES (106, '121');
INSERT INTO USER_ROLES (ROLE_ID, USER_ID) VALUES (107, '121');
INSERT INTO USER_ROLES (ROLE_ID, USER_ID) VALUES (101, '124');
INSERT INTO USER_ROLES (ROLE_ID, USER_ID) VALUES (101, '125');
INSERT INTO USER_ROLES (ROLE_ID, USER_ID) VALUES (101, '126');
INSERT INTO USER_ROLES (ROLE_ID, USER_ID) VALUES (101, '127');
INSERT INTO USER_ROLES (ROLE_ID, USER_ID) VALUES (101, '128');
INSERT INTO USER_ROLES (ROLE_ID, USER_ID) VALUES (101, '130');
INSERT INTO USER_ROLES (ROLE_ID, USER_ID) VALUES (105, '130');
INSERT INTO USER_ROLES (ROLE_ID, USER_ID) VALUES (101, '131');
INSERT INTO USER_ROLES (ROLE_ID, USER_ID) VALUES (105, '131');
INSERT INTO USER_ROLES (ROLE_ID, USER_ID) VALUES (105, '132');
INSERT INTO USER_ROLES (ROLE_ID, USER_ID) VALUES (105, '133');
INSERT INTO USER_ROLES (ROLE_ID, USER_ID) VALUES (101, '133');
INSERT INTO USER_ROLES (ROLE_ID, USER_ID) VALUES (105, '134');

INSERT INTO NOTIFICATION_TYPES (ID, NAME) VALUES (1, 'Asset Listing');
INSERT INTO NOTIFICATION_TYPES (ID, NAME) VALUES (2, 'Due Status');
INSERT INTO NOTIFICATION_TYPES (ID, NAME) VALUES (3, 'Job Reports');

INSERT INTO NOTIFICATIONS (ID, USER_ID, TYPE_ID, FAVOURITES_ONLY) VALUES (1, '104', 2, true);
INSERT INTO NOTIFICATIONS (ID, USER_ID, TYPE_ID, FAVOURITES_ONLY) VALUES (2, '105', 2, true);
INSERT INTO NOTIFICATIONS (ID, USER_ID, TYPE_ID, FAVOURITES_ONLY) VALUES (3, '104', 1, false);
INSERT INTO NOTIFICATIONS (ID, USER_ID, TYPE_ID, FAVOURITES_ONLY) VALUES (4, '104', 3, true);
INSERT INTO NOTIFICATIONS (ID, USER_ID, TYPE_ID, FAVOURITES_ONLY) VALUES (5, '107', 3, false);
INSERT INTO NOTIFICATIONS (ID, USER_ID, TYPE_ID, FAVOURITES_ONLY) VALUES (6, '128', 2, true);

INSERT INTO USER_EOR (USER_EOR_ID, IMO_NUM, USER_ID, ASSET_EXPIRY_DATE, ACCESS_TM_REPORT) VALUES (1, 1, 'd0835759-e2f5-4d0c-b445-c90a20d89466', '2018-12-31', 0);
INSERT INTO USER_EOR (USER_EOR_ID, IMO_NUM, USER_ID, ASSET_EXPIRY_DATE, ACCESS_TM_REPORT) VALUES (2, 2, 'd0835759-e2f5-4d0c-b445-c90a20d89466', '2018-12-28', 1);
INSERT INTO USER_EOR (USER_EOR_ID, IMO_NUM, USER_ID, ASSET_EXPIRY_DATE, ACCESS_TM_REPORT) VALUES (3, 7653986, '114', '2018-12-31', 1);
INSERT INTO USER_EOR (USER_EOR_ID, IMO_NUM, USER_ID, ASSET_EXPIRY_DATE, ACCESS_TM_REPORT) VALUES (4, 7653987, '114', '2018-12-28',1);
INSERT INTO USER_EOR (USER_EOR_ID, IMO_NUM, USER_ID, ASSET_EXPIRY_DATE, ACCESS_TM_REPORT) VALUES (5, 2, '107', '2018-12-28',1);
INSERT INTO USER_EOR (USER_EOR_ID, IMO_NUM, USER_ID, ASSET_EXPIRY_DATE, ACCESS_TM_REPORT) VALUES (6, 2, '105', '2016-12-20',1);
INSERT INTO USER_EOR (USER_EOR_ID, IMO_NUM, USER_ID, ASSET_EXPIRY_DATE, ACCESS_TM_REPORT) VALUES (7, 7653986, '128', '2018-12-31', 1);
INSERT INTO USER_EOR (USER_EOR_ID, IMO_NUM, USER_ID, ASSET_EXPIRY_DATE, ACCESS_TM_REPORT) VALUES (8, 7653987, '128', '2018-12-28',1);
INSERT INTO USER_EOR (USER_EOR_ID, IMO_NUM, USER_ID, ASSET_EXPIRY_DATE, ACCESS_TM_REPORT) VALUES (9, 7653986,'105', '2018-12-28', 1);
INSERT INTO USER_EOR (USER_EOR_ID, IMO_NUM, USER_ID, ASSET_EXPIRY_DATE, ACCESS_TM_REPORT) VALUES (10, 7653986,'130', '2018-12-28', 1);
INSERT INTO USER_EOR (USER_EOR_ID, IMO_NUM, USER_ID, ASSET_EXPIRY_DATE, ACCESS_TM_REPORT) VALUES (11, 7653987,'130', '2018-12-28', 1);
INSERT INTO USER_EOR (USER_EOR_ID, IMO_NUM, USER_ID, ASSET_EXPIRY_DATE, ACCESS_TM_REPORT) VALUES (12, 7653986,'131', '2018-12-28', 1);
INSERT INTO USER_EOR (USER_EOR_ID, IMO_NUM, USER_ID, ASSET_EXPIRY_DATE, ACCESS_TM_REPORT) VALUES (13, 7653987,'131', '2018-12-28', 1);
INSERT INTO USER_EOR (USER_EOR_ID, IMO_NUM, USER_ID, ASSET_EXPIRY_DATE, ACCESS_TM_REPORT) VALUES (14, 7653986,'132', '2018-12-28', 1);
INSERT INTO USER_EOR (USER_EOR_ID, IMO_NUM, USER_ID, ASSET_EXPIRY_DATE, ACCESS_TM_REPORT) VALUES (15, 7653987,'132', '2018-12-28', 1);
INSERT INTO USER_EOR (USER_EOR_ID, IMO_NUM, USER_ID, ASSET_EXPIRY_DATE, ACCESS_TM_REPORT) VALUES (16, 7653986,'133', '2016-12-28', 1);
INSERT INTO USER_EOR (USER_EOR_ID, IMO_NUM, USER_ID, ASSET_EXPIRY_DATE, ACCESS_TM_REPORT) VALUES (17, 7653987,'133', '2016-12-28', 1);
INSERT INTO USER_EOR (USER_EOR_ID, IMO_NUM, USER_ID, ASSET_EXPIRY_DATE, ACCESS_TM_REPORT) VALUES (18, 7653986,'134', '2016-12-28', 1);
INSERT INTO USER_EOR (USER_EOR_ID, IMO_NUM, USER_ID, ASSET_EXPIRY_DATE, ACCESS_TM_REPORT) VALUES (19, 7653987,'134', '2016-12-28', 1);


INSERT INTO USER_TERMS_CONDITIONS (ID, USER_ID, TC_ID, ACCEPTED_DATE) VALUES (1, '105', 3, '2016-12-31');
INSERT INTO USER_TERMS_CONDITIONS (ID, USER_ID, TC_ID) VALUES (2, '103', 3);
INSERT INTO USER_TERMS_CONDITIONS (ID, USER_ID, TC_ID) VALUES (3, '114', 3);
INSERT INTO USER_TERMS_CONDITIONS (ID, USER_ID, TC_ID) VALUES (4, '128', 3);

COMMIT;
